frame_idx,frame_name,gt_valid_pixels,alignment_mode,scale,shift,valid_pixels,abs_rel,d_rmse
0,000000,36960,l2_scale,0.2794212030920032,0.0,36931,0.31568947434425354,4.813825607299805
1,000003,36755,l2_scale,0.2794212030920032,0.0,36739,0.32332780957221985,5.180752277374268
2,000006,36427,l2_scale,0.2794212030920032,0.0,36411,0.32417619228363037,5.235828876495361
3,000009,36335,l2_scale,0.2794212030920032,0.0,36327,0.3062742352485657,5.000858783721924
4,000012,36747,l2_scale,0.2794212030920032,0.0,36736,0.340241938829422,5.299149513244629
5,000015,36701,l2_scale,0.2794212030920032,0.0,36697,0.37611380219459534,5.5688910484313965
6,000018,36007,l2_scale,0.2794212030920032,0.0,36007,0.3670090138912201,6.003626823425293
7,000021,35782,l2_scale,0.2794212030920032,0.0,35782,0.26160183548927307,4.9041008949279785
8,000024,35751,l2_scale,0.2794212030920032,0.0,35751,0.24996033310890198,5.286215782165527
9,000027,36004,l2_scale,0.2794212030920032,0.0,36004,0.2406320571899414,4.724053859710693
10,000030,36403,l2_scale,0.2794212030920032,0.0,36391,0.2773631513118744,6.40831184387207
11,000033,36205,l2_scale,0.2794212030920032,0.0,36205,0.2710292339324951,5.9030890464782715
12,000036,36246,l2_scale,0.2794212030920032,0.0,36246,0.28940722346305847,6.264824390411377
13,000039,36334,l2_scale,0.2794212030920032,0.0,36334,0.28158923983573914,6.226485729217529
14,000042,36121,l2_scale,0.2794212030920032,0.0,36120,0.27251648902893066,6.260095119476318
15,000045,36768,l2_scale,0.2794212030920032,0.0,36768,0.2718137800693512,6.183891773223877
16,000048,36640,l2_scale,0.2794212030920032,0.0,36635,0.27134081721305847,5.960460662841797
17,000051,36653,l2_scale,0.2794212030920032,0.0,36650,0.26104673743247986,6.137313365936279
18,000054,36759,l2_scale,0.2794212030920032,0.0,36759,0.2613281011581421,5.988861560821533
19,000057,36648,l2_scale,0.2794212030920032,0.0,36648,0.25534480810165405,6.069275379180908
20,000060,36802,l2_scale,0.2794212030920032,0.0,36802,0.2496035099029541,6.195344924926758
21,000063,36474,l2_scale,0.2794212030920032,0.0,36474,0.22882473468780518,5.939269542694092
22,000066,36862,l2_scale,0.2794212030920032,0.0,36862,0.22840610146522522,6.011745929718018
23,000069,37147,l2_scale,0.2794212030920032,0.0,37147,0.23900945484638214,6.085865020751953
24,000072,36920,l2_scale,0.2794212030920032,0.0,36920,0.25531822443008423,6.364082336425781
25,000075,36789,l2_scale,0.2794212030920032,0.0,36789,0.2632894515991211,6.441155910491943
26,000078,37325,l2_scale,0.2794212030920032,0.0,37325,0.2760569155216217,6.301040172576904
27,000081,37134,l2_scale,0.2794212030920032,0.0,37134,0.28044021129608154,6.121108055114746
28,000084,37028,l2_scale,0.2794212030920032,0.0,37028,0.2893817126750946,6.020750522613525
29,000087,36628,l2_scale,0.2794212030920032,0.0,36628,0.30132412910461426,6.485316276550293
30,000090,36657,l2_scale,0.2794212030920032,0.0,36657,0.3055461347103119,6.505298614501953
31,000093,36469,l2_scale,0.2794212030920032,0.0,36469,0.3014019727706909,6.446098327636719
32,000096,36327,l2_scale,0.2794212030920032,0.0,36327,0.2784273624420166,6.710239887237549
33,000099,36526,l2_scale,0.2794212030920032,0.0,36524,0.290906697511673,6.925693035125732
34,000102,36246,l2_scale,0.2794212030920032,0.0,36243,0.3137770891189575,7.031530857086182
35,000105,36310,l2_scale,0.2794212030920032,0.0,36310,0.32974186539649963,6.986048698425293
36,000108,35887,l2_scale,0.2794212030920032,0.0,35887,0.29967397451400757,6.813852310180664
37,000111,35990,l2_scale,0.2794212030920032,0.0,35990,0.30198970437049866,6.487851619720459
38,000114,35527,l2_scale,0.2794212030920032,0.0,35527,0.3043835163116455,6.336475849151611
39,000117,35475,l2_scale,0.2794212030920032,0.0,35475,0.2973661720752716,6.451968669891357
40,000120,35280,l2_scale,0.2794212030920032,0.0,35280,0.32059893012046814,6.727982521057129
41,000123,35409,l2_scale,0.2794212030920032,0.0,35409,0.3478415310382843,7.075819492340088
42,000126,35254,l2_scale,0.2794212030920032,0.0,35254,0.40910178422927856,7.133629322052002
43,000129,36030,l2_scale,0.2794212030920032,0.0,36030,0.4016934335231781,6.844818592071533
44,000132,35772,l2_scale,0.2794212030920032,0.0,35769,0.3743795156478882,6.339718818664551
45,000135,36753,l2_scale,0.2794212030920032,0.0,36750,0.4067445397377014,6.548886775970459
46,000138,36585,l2_scale,0.2794212030920032,0.0,36585,0.3908836543560028,6.798865795135498
47,000141,36870,l2_scale,0.2794212030920032,0.0,36870,0.3946802616119385,6.371460437774658
48,000144,36439,l2_scale,0.2794212030920032,0.0,36439,0.3409372866153717,6.300141334533691
49,000147,36278,l2_scale,0.2794212030920032,0.0,36278,0.3211745619773865,6.635138034820557
50,000150,37367,l2_scale,0.2794212030920032,0.0,37367,0.35445842146873474,6.664321422576904
51,000153,37715,l2_scale,0.2794212030920032,0.0,37715,0.3583371937274933,6.54384708404541
52,000156,37067,l2_scale,0.2794212030920032,0.0,37067,0.29955753684043884,6.464238166809082
53,000159,37705,l2_scale,0.2794212030920032,0.0,37705,0.32467061281204224,6.665426254272461
54,000162,37895,l2_scale,0.2794212030920032,0.0,37894,0.3420330882072449,6.647212505340576
55,000165,37581,l2_scale,0.2794212030920032,0.0,37581,0.37200698256492615,7.117437839508057
56,000168,37372,l2_scale,0.2794212030920032,0.0,37372,0.4082566201686859,7.103287696838379
57,000171,38818,l2_scale,0.2794212030920032,0.0,38818,0.284573495388031,6.404150485992432
58,000174,39041,l2_scale,0.2794212030920032,0.0,39041,0.2837097644805908,6.359832763671875
59,000177,39132,l2_scale,0.2794212030920032,0.0,39132,0.3239153325557709,6.20166540145874
60,000180,38351,l2_scale,0.2794212030920032,0.0,38351,0.3105657398700714,6.374197006225586
61,000183,38859,l2_scale,0.2794212030920032,0.0,38859,0.35906359553337097,6.384389877319336
62,000186,38789,l2_scale,0.2794212030920032,0.0,38789,0.39520370960235596,6.309248447418213
63,000189,38004,l2_scale,0.2794212030920032,0.0,38004,0.33648693561553955,6.347341537475586
64,000192,37268,l2_scale,0.2794212030920032,0.0,37268,0.3191274106502533,6.310677528381348
65,000195,37443,l2_scale,0.2794212030920032,0.0,37443,0.34456872940063477,6.596391201019287
66,000198,39018,l2_scale,0.2794212030920032,0.0,39015,0.3296237587928772,6.144455432891846
67,000201,38897,l2_scale,0.2794212030920032,0.0,38894,0.33103466033935547,5.6301493644714355
68,000204,38638,l2_scale,0.2794212030920032,0.0,38638,0.38298726081848145,6.195563316345215
69,000207,38574,l2_scale,0.2794212030920032,0.0,38574,0.3611670732498169,5.961710453033447
70,000210,38076,l2_scale,0.2794212030920032,0.0,38076,0.3396228551864624,5.571405410766602
71,000213,37814,l2_scale,0.2794212030920032,0.0,37814,0.35122475028038025,5.681512355804443
72,000216,37525,l2_scale,0.2794212030920032,0.0,37525,0.3564647138118744,5.767328262329102
73,000219,38404,l2_scale,0.2794212030920032,0.0,38404,0.3657417893409729,5.716362476348877
74,000222,38769,l2_scale,0.2794212030920032,0.0,38769,0.4131634533405304,5.439563751220703
75,000225,37941,l2_scale,0.2794212030920032,0.0,37941,0.4141812324523926,5.396637916564941
76,000228,37232,l2_scale,0.2794212030920032,0.0,37232,0.3577897548675537,5.454834461212158
77,000231,37156,l2_scale,0.2794212030920032,0.0,37156,0.5060470700263977,5.987051486968994
78,000234,36711,l2_scale,0.2794212030920032,0.0,36711,0.34773290157318115,5.2468085289001465
79,000237,37951,l2_scale,0.2794212030920032,0.0,37951,0.30324211716651917,5.18686580657959
80,000240,37445,l2_scale,0.2794212030920032,0.0,37445,0.3024563491344452,5.190402030944824
81,000243,37714,l2_scale,0.2794212030920032,0.0,37714,0.34223634004592896,5.082765102386475
82,000246,38499,l2_scale,0.2794212030920032,0.0,38499,0.3921107351779938,5.079976558685303
83,000249,37864,l2_scale,0.2794212030920032,0.0,37864,0.40379250049591064,5.08705472946167
84,000252,37227,l2_scale,0.2794212030920032,0.0,37227,0.4310123920440674,5.528023719787598
85,000255,38276,l2_scale,0.2794212030920032,0.0,38276,0.442837119102478,5.705963134765625
86,000258,37362,l2_scale,0.2794212030920032,0.0,37362,0.4442332088947296,5.962791919708252
87,000261,36759,l2_scale,0.2794212030920032,0.0,36759,0.34866634011268616,5.585378646850586
88,000264,37237,l2_scale,0.2794212030920032,0.0,37237,0.3623940348625183,5.404103755950928
89,000267,36573,l2_scale,0.2794212030920032,0.0,36573,0.3607015013694763,5.3214640617370605
90,000270,36440,l2_scale,0.2794212030920032,0.0,36440,0.4156240224838257,5.5960211753845215
91,000273,37856,l2_scale,0.2794212030920032,0.0,37856,0.41813457012176514,5.504306793212891
92,000276,36686,l2_scale,0.2794212030920032,0.0,36686,0.4673130214214325,5.9887800216674805
93,000279,35083,l2_scale,0.2794212030920032,0.0,35083,0.3915790617465973,5.890331268310547
94,000282,36903,l2_scale,0.2794212030920032,0.0,36903,0.3943643271923065,5.618588447570801
95,000285,37305,l2_scale,0.2794212030920032,0.0,37305,0.42670726776123047,5.445828914642334
96,000288,36380,l2_scale,0.2794212030920032,0.0,36380,0.4070121943950653,5.403071403503418
97,000291,36502,l2_scale,0.2794212030920032,0.0,36502,0.36788806319236755,5.037254810333252
98,000294,37691,l2_scale,0.2794212030920032,0.0,37691,0.40879079699516296,4.559544086456299
99,000297,37370,l2_scale,0.2794212030920032,0.0,37369,0.46314018964767456,4.61086368560791
