frame_idx,frame_name,gt_valid_pixels,alignment_mode,scale,shift,valid_pixels,abs_rel,d_rmse,sigma_status,sigma_input_pixels,sigma_kept_pixels,sigma_keep_ratio,sigma_residual_mean,sigma_residual_std,local_pair_count,sparse_order_acc,sparse_order_pairs,local_residual_consistency,local_residual_pairs,sparse_lidar_dq
0,000000,17942,robust_rel_scale,0.385975827817992,0.0,16580,0.6753425002098083,9.749452590942383,ok,17942,16580,0.9240887303533608,-0.27619480067172997,0.5271943420991619,20000,0.7432964560285018,10666,0.07019997876483128,11215,0.6929064415285382
1,000040,18315,robust_rel_scale,0.385975827817992,0.0,14267,0.6964360475540161,10.56466293334961,ok,18315,14267,0.7789789789789789,-0.27619480067172997,0.5271943420991619,20000,0.7055977229601518,10540,0.07857512582652279,11792,0.6522775436293489
2,000080,18166,robust_rel_scale,0.385975827817992,0.0,17928,0.6371456980705261,8.997489929199219,ok,18166,17928,0.9868986017835517,-0.27619480067172997,0.5271943420991619,20000,0.7812387143373059,11076,0.06992292155354356,10770,0.7284782969308563
3,000120,18115,robust_rel_scale,0.385975827817992,0.0,18071,0.5646592974662781,8.162276268005371,ok,18115,18071,0.9975710736958322,-0.27619480067172997,0.5271943420991619,20000,0.78119879258301,11595,0.06794004361423958,10263,0.7298869139860658
4,000160,17989,robust_rel_scale,0.385975827817992,0.0,17954,0.4734283983707428,6.895611763000488,ok,17989,17954,0.9980543665573406,-0.27619480067172997,0.5271943420991619,20000,0.7693771626297577,11560,0.06370282426161694,10658,0.7218941226170912
5,000200,18096,robust_rel_scale,0.385975827817992,0.0,18060,0.24886205792427063,4.0674848556518555,ok,18096,18060,0.9980106100795756,-0.27619480067172997,0.5271943420991619,20000,0.8511530398322851,11448,0.04535444354808485,10266,0.8134118030681264
6,000240,18036,robust_rel_scale,0.385975827817992,0.0,17992,0.18722319602966309,4.19439172744751,ok,18036,17992,0.9975604346861832,-0.27619480067172997,0.5271943420991619,20000,0.8578911794525177,11836,0.050452423973291936,10005,0.8156822152335498
7,000280,18141,robust_rel_scale,0.385975827817992,0.0,18141,0.2756909132003784,4.09088134765625,ok,18141,18141,1.0,-0.27619480067172997,0.5271943420991619,20000,0.826127900008561,11681,0.05029553525811661,10367,0.785604958613729
8,000320,17998,robust_rel_scale,0.385975827817992,0.0,17986,0.22398720681667328,3.9456636905670166,ok,17998,17986,0.9993332592510279,-0.27619480067172997,0.5271943420991619,20000,0.819011861080297,11719,0.05303457030207491,10102,0.7767076275530448
9,000360,17919,robust_rel_scale,0.385975827817992,0.0,17895,0.22431282699108124,4.697099208831787,ok,17919,17895,0.9986606395446175,-0.27619480067172997,0.5271943420991619,20000,0.8710601719197708,11866,0.04290323859108241,9977,0.8344792015925604
10,000400,18182,robust_rel_scale,0.385975827817992,0.0,18167,0.2252061367034912,4.7961249351501465,ok,18182,18167,0.9991750082499175,-0.27619480067172997,0.5271943420991619,20000,0.8332341185474955,11759,0.05535222377840371,9864,0.7883659878176118
11,000440,17991,robust_rel_scale,0.385975827817992,0.0,17991,0.19891180098056793,3.636530637741089,ok,17991,17991,1.0,-0.27619480067172997,0.5271943420991619,20000,0.820534223706177,11980,0.057310727376283836,9783,0.7748309628235559
12,000480,18205,robust_rel_scale,0.385975827817992,0.0,18205,0.2010319083929062,3.5276708602905273,ok,18205,18205,1.0,-0.27619480067172997,0.5271943420991619,20000,0.8721957251369016,11322,0.05098926353522253,10132,0.8288378928682334
13,000520,18433,robust_rel_scale,0.385975827817992,0.0,18433,0.2016003578901291,3.620370626449585,ok,18433,18433,1.0,-0.27619480067172997,0.5271943420991619,20000,0.90667861945316,11155,0.04274511587396034,10260,0.8687391763133223
14,000560,17987,robust_rel_scale,0.385975827817992,0.0,17986,0.22632715106010437,3.725520372390747,ok,17987,17986,0.9999444042919886,-0.27619480067172997,0.5271943420991619,20000,0.8991673605328893,12010,0.0406112290191865,9389,0.8633826182064281
15,000600,18040,robust_rel_scale,0.385975827817992,0.0,18038,0.2019284963607788,3.773287057876587,ok,18040,18038,0.9998891352549889,-0.27619480067172997,0.5271943420991619,20000,0.9103814666434419,11482,0.03398790640434055,9497,0.8799594258167952
16,000610,18250,robust_rel_scale,0.385975827817992,0.0,18246,0.22839276492595673,4.037846565246582,ok,18250,18246,0.9997808219178083,-0.27619480067172997,0.5271943420991619,20000,0.8876526685628242,11954,0.03807281744716876,8854,0.8544924868150457
17,000615,18110,robust_rel_scale,0.385975827817992,0.0,18108,0.24677567183971405,3.4983742237091064,ok,18110,18108,0.9998895637769188,-0.27619480067172997,0.5271943420991619,20000,0.9140721196130167,11370,0.03137593083701809,9443,0.8858375157529955
18,000620,17893,robust_rel_scale,0.385975827817992,0.0,17890,0.22815370559692383,3.718695878982544,ok,17893,17890,0.9998323366679707,-0.27619480067172997,0.5271943420991619,20000,0.9154151562230278,11586,0.03763163901289841,9143,0.8816067068954526
19,000625,18023,robust_rel_scale,0.385975827817992,0.0,18022,0.2295593023300171,3.8154730796813965,ok,18023,18022,0.9999445153415081,-0.27619480067172997,0.5271943420991619,20000,0.9121639606068672,11271,0.03734844899568617,9499,0.8787243963768036
20,000630,17818,robust_rel_scale,0.385975827817992,0.0,17811,0.2094273418188095,4.238399028778076,ok,17818,17811,0.9996071388483556,-0.27619480067172997,0.5271943420991619,20000,0.9047013977128335,11018,0.03544088190074703,9821,0.8731995069915708
21,000635,18092,robust_rel_scale,0.385975827817992,0.0,18089,0.2455413043498993,4.134544372558594,ok,18092,18089,0.9998341808534159,-0.27619480067172997,0.5271943420991619,20000,0.9281584019625022,11414,0.0349040972794853,9280,0.8963207355552053
22,000640,18122,robust_rel_scale,0.385975827817992,0.0,18115,0.23936355113983154,3.736398458480835,ok,18122,18115,0.9996137291689658,-0.27619480067172997,0.5271943420991619,20000,0.9334843147122966,11922,0.03531724264434627,8778,0.9010916002465867
23,000645,17789,robust_rel_scale,0.385975827817992,0.0,17783,0.2458072006702423,3.6670942306518555,ok,17789,17783,0.999662712912474,-0.27619480067172997,0.5271943420991619,20000,0.9118512911094289,11889,0.03855486874650865,8819,0.877364081125355
24,000650,17956,robust_rel_scale,0.385975827817992,0.0,17956,0.23160085082054138,3.543161630630493,ok,17956,17956,1.0,-0.27619480067172997,0.5271943420991619,20000,0.9350969717591018,11756,0.0305523798783286,8925,0.9069595550768423
25,000655,17852,robust_rel_scale,0.385975827817992,0.0,17849,0.24485765397548676,3.778568983078003,ok,17852,17849,0.9998319516020614,-0.27619480067172997,0.5271943420991619,20000,0.9323420074349442,12105,0.04008154420609014,8594,0.895711311375721
26,000660,17909,robust_rel_scale,0.385975827817992,0.0,17898,0.2554202079772949,3.586087703704834,ok,17909,17898,0.9993857836841812,-0.27619480067172997,0.5271943420991619,20000,0.927097174240411,11289,0.033471760496781584,9435,0.8965791941314895
27,000665,18030,robust_rel_scale,0.385975827817992,0.0,18020,0.2488848716020584,3.8664095401763916,ok,18030,18020,0.9994453688297282,-0.27619480067172997,0.5271943420991619,20000,0.9246484478641549,11307,0.030879746767044858,9275,0.8965318882629282
28,000670,18034,robust_rel_scale,0.385975827817992,0.0,18032,0.2458554059267044,3.874936819076538,ok,18034,18032,0.999889098369746,-0.27619480067172997,0.5271943420991619,20000,0.928866073883949,10909,0.03114444765129446,9552,0.9003829017003507
29,000675,18131,robust_rel_scale,0.385975827817992,0.0,18128,0.21942761540412903,3.593271255493164,ok,18131,18128,0.999834537532403,-0.27619480067172997,0.5271943420991619,20000,0.9076997112608277,10390,0.031318434277319764,10043,0.8797125225278434
30,000680,17836,robust_rel_scale,0.385975827817992,0.0,17833,0.25873997807502747,3.2765493392944336,ok,17836,17833,0.999831800852209,-0.27619480067172997,0.5271943420991619,20000,0.9252844627932736,9931,0.029557786993272953,10470,0.8983353419293222
31,000685,17974,robust_rel_scale,0.385975827817992,0.0,17974,0.2825259566307068,3.464243173599243,ok,17974,17974,1.0,-0.27619480067172997,0.5271943420991619,20000,0.9130935251798561,10425,0.03780312416253203,10031,0.8792200330767344
32,000690,18062,robust_rel_scale,0.385975827817992,0.0,18061,0.3032866418361664,3.5747475624084473,ok,18062,18061,0.9999446351456096,-0.27619480067172997,0.5271943420991619,20000,0.9225750743547922,10423,0.03522334822406508,10142,0.8906445426080485
33,000695,17938,robust_rel_scale,0.385975827817992,0.0,17938,0.3175708055496216,3.759312391281128,ok,17938,17938,1.0,-0.27619480067172997,0.5271943420991619,20000,0.8928157589803013,10356,0.0358708451107007,10170,0.8613572970916331
34,000720,18015,robust_rel_scale,0.385975827817992,0.0,18015,0.2972937226295471,3.395625114440918,ok,18015,18015,1.0,-0.27619480067172997,0.5271943420991619,20000,0.9341917024320457,11184,0.0390416675528115,9234,0.898422096462596
35,000760,17855,robust_rel_scale,0.385975827817992,0.0,17855,0.29836025834083557,3.4937126636505127,ok,17855,17855,1.0,-0.27619480067172997,0.5271943420991619,20000,0.9337305886601661,11076,0.03755519048508356,9355,0.8993144556819206
36,000800,17975,robust_rel_scale,0.385975827817992,0.0,17972,0.37683916091918945,4.268998622894287,ok,17975,17972,0.9998331015299027,-0.27619480067172997,0.5271943420991619,20000,0.9077272727272727,11000,0.04061216526883413,9435,0.8716010500278262
37,000840,18410,robust_rel_scale,0.385975827817992,0.0,18133,0.24830998480319977,3.24204158782959,ok,18410,18133,0.9849538294405215,-0.27619480067172997,0.5271943420991619,20000,0.8951605995717344,11675,0.05222977898616181,8797,0.8496065534706995
38,000880,17995,robust_rel_scale,0.385975827817992,0.0,17946,0.23169797658920288,3.075249671936035,ok,17995,17946,0.9972770213948319,-0.27619480067172997,0.5271943420991619,20000,0.8803799596503026,11896,0.04561254655261849,8599,0.841125638039136
39,000920,18310,robust_rel_scale,0.385975827817992,0.0,18196,0.14038227498531342,3.178889036178589,ok,18310,18196,0.9937738940469689,-0.27619480067172997,0.5271943420991619,20000,0.8641541755888651,11675,0.04286642102836414,8811,0.8278937093750145
40,000945,18088,robust_rel_scale,0.385975827817992,0.0,18036,0.17871206998825073,2.7036073207855225,ok,18088,18036,0.997125165855816,-0.27619480067172997,0.5271943420991619,20000,0.8880452057213492,11326,0.03774278321742696,9287,0.8551525429438123
41,000950,18058,robust_rel_scale,0.385975827817992,0.0,18030,0.18917840719223022,2.696653366088867,ok,18058,18030,0.9984494406911064,-0.27619480067172997,0.5271943420991619,20000,0.8834839624313309,11286,0.040980878832386276,9283,0.8480098577669034
42,000955,18131,robust_rel_scale,0.385975827817992,0.0,18087,0.17706653475761414,2.5318963527679443,ok,18131,18087,0.9975732171419116,-0.27619480067172997,0.5271943420991619,20000,0.9127317243791535,11436,0.03553024558123928,9104,0.8808714945780086
43,000960,17926,robust_rel_scale,0.385975827817992,0.0,17876,0.19870126247406006,2.350745677947998,ok,17926,17876,0.9972107553274573,-0.27619480067172997,0.5271943420991619,20000,0.9200748989849217,10147,0.03001365459171473,10311,0.8928703843862219
44,000965,18085,robust_rel_scale,0.385975827817992,0.0,18034,0.20013275742530823,2.249824047088623,ok,18085,18034,0.9971799834116671,-0.27619480067172997,0.5271943420991619,20000,0.9310901749663526,11145,0.034769098389203834,9299,0.8992733356626829
45,000970,18088,robust_rel_scale,0.385975827817992,0.0,18058,0.1873156875371933,2.40376353263855,ok,18088,18058,0.9983414418398938,-0.27619480067172997,0.5271943420991619,20000,0.9179917813114168,11194,0.03281971377181561,9361,0.8883525891059559
46,000975,17855,robust_rel_scale,0.385975827817992,0.0,17832,0.19959533214569092,2.377624273300171,ok,17855,17832,0.9987118454214505,-0.27619480067172997,0.5271943420991619,20000,0.927056088346411,10323,0.03172803587347649,10196,0.8981041424178181
47,000980,18029,robust_rel_scale,0.385975827817992,0.0,18004,0.19061532616615295,2.3770124912261963,ok,18029,18004,0.9986133451661212,-0.27619480067172997,0.5271943420991619,20000,0.9053140096618357,10350,0.03610192468279679,10067,0.8732133654433852
48,000985,18014,robust_rel_scale,0.385975827817992,0.0,17979,0.19868232309818268,2.6925132274627686,ok,18014,17979,0.9980570667258799,-0.27619480067172997,0.5271943420991619,20000,0.9274408678641295,11246,0.03968969679074985,9254,0.8913519377401272
49,000990,18005,robust_rel_scale,0.385975827817992,0.0,17990,0.16014455258846283,2.5600545406341553,ok,18005,17990,0.9991668980838656,-0.27619480067172997,0.5271943420991619,20000,0.926744989633725,11576,0.03996288013850988,9040,0.8904398512179009
50,000995,17859,robust_rel_scale,0.385975827817992,0.0,17851,0.16779488325119019,2.724557876586914,ok,17859,17851,0.9995520465871549,-0.27619480067172997,0.5271943420991619,20000,0.8912043066770861,11517,0.043292262168532075,9195,0.8534452900185934
51,001000,17894,robust_rel_scale,0.385975827817992,0.0,17891,0.16127370297908783,2.9238929748535156,ok,17894,17891,0.999832346037778,-0.27619480067172997,0.5271943420991619,20000,0.8916848132913945,12399,0.056646278272872254,8233,0.8425781718803645
52,001005,18003,robust_rel_scale,0.385975827817992,0.0,17960,0.19875919818878174,3.6451025009155273,ok,18003,17960,0.9976115091929123,-0.27619480067172997,0.5271943420991619,20000,0.8693471537239823,11963,0.04940760482535937,8754,0.8274386182142417
53,001010,17935,robust_rel_scale,0.385975827817992,0.0,17932,0.17135977745056152,2.638110876083374,ok,17935,17932,0.9998327293002509,-0.27619480067172997,0.5271943420991619,20000,0.9056084863962283,10181,0.03606977825426419,10399,0.8735254808883034
54,001015,18003,robust_rel_scale,0.385975827817992,0.0,17993,0.15716983377933502,2.6263656616210938,ok,18003,17993,0.9994445370216075,-0.27619480067172997,0.5271943420991619,20000,0.9295448224714935,10787,0.040913465932608264,9818,0.8922814075990826
55,001020,17908,robust_rel_scale,0.385975827817992,0.0,17904,0.18403507769107819,2.6241064071655273,ok,17908,17904,0.9997766361402725,-0.27619480067172997,0.5271943420991619,20000,0.9152262659602188,11513,0.044960364165181586,9242,0.8749886857852037
56,001025,17939,robust_rel_scale,0.385975827817992,0.0,17924,0.1629921942949295,2.6771483421325684,ok,17939,17924,0.9991638329895758,-0.27619480067172997,0.5271943420991619,20000,0.928049215406562,11216,0.0410844306546463,9596,0.890693465965238
57,001030,17893,robust_rel_scale,0.385975827817992,0.0,17893,0.21669770777225494,2.6034812927246094,ok,17893,17893,1.0,-0.27619480067172997,0.5271943420991619,20000,0.9238252267106348,12130,0.050310839081971516,8627,0.878496625213722
58,001035,17704,robust_rel_scale,0.385975827817992,0.0,17647,0.24737168848514557,3.8140974044799805,ok,17704,17647,0.9967803886127429,-0.27619480067172997,0.5271943420991619,20000,0.864211341536873,11621,0.05535881149951719,9335,0.8176697575037808
59,001040,17556,robust_rel_scale,0.385975827817992,0.0,17452,0.2875581681728363,4.050818920135498,ok,17556,17452,0.9940760993392572,-0.27619480067172997,0.5271943420991619,20000,0.8697497967663265,11071,0.05138233778226735,9837,0.8261887370027813
60,001080,17532,robust_rel_scale,0.385975827817992,0.0,17524,0.35944175720214844,4.206460475921631,ok,17532,17524,0.999543691535478,-0.27619480067172997,0.5271943420991619,20000,0.8640186079799607,11178,0.07285630772296686,9872,0.803307835975271
61,001120,17424,robust_rel_scale,0.385975827817992,0.0,17424,0.2877698540687561,4.161465167999268,ok,17424,17424,1.0,-0.27619480067172997,0.5271943420991619,20000,0.8801360666010205,11171,0.0585093702181554,9658,0.8301174081913824
62,001160,17205,robust_rel_scale,0.385975827817992,0.0,17166,0.2722727656364441,4.773677825927734,ok,17205,17166,0.9977332170880558,-0.27619480067172997,0.5271943420991619,20000,0.8409987986957268,11654,0.08788595537491262,9175,0.7702416341264942
63,001200,16938,robust_rel_scale,0.385975827817992,0.0,16891,0.28036609292030334,4.264496326446533,ok,16938,16891,0.9972251741646003,-0.27619480067172997,0.5271943420991619,20000,0.903557382910261,11188,0.05014459846426871,9537,0.8593660973466242
64,001240,16748,robust_rel_scale,0.385975827817992,0.0,16559,0.276122123003006,4.319701194763184,ok,16748,16559,0.9887150704561739,-0.27619480067172997,0.5271943420991619,20000,0.8678830109104245,10907,0.06804347856737446,9509,0.8107935398748736
65,001280,16594,robust_rel_scale,0.385975827817992,0.0,16510,0.3374995291233063,5.37395715713501,ok,16594,16510,0.9949379293720622,-0.27619480067172997,0.5271943420991619,20000,0.890032154340836,10885,0.08099402848963798,9404,0.8207869392390512
66,001320,15671,robust_rel_scale,0.385975827817992,0.0,15636,0.25166645646095276,5.313971042633057,ok,15671,15636,0.9977665752026036,-0.27619480067172997,0.5271943420991619,20000,0.902921215697846,10167,0.06685466240044168,10202,0.8445303211963486
67,001360,15780,robust_rel_scale,0.385975827817992,0.0,15505,0.2563996911048889,5.197872161865234,ok,15780,15505,0.9825728770595691,-0.27619480067172997,0.5271943420991619,20000,0.8609988982739626,10892,0.0883575705806921,9466,0.7881872229846419
68,001400,15859,robust_rel_scale,0.385975827817992,0.0,15612,0.23989471793174744,4.928712368011475,ok,15859,15612,0.9844252474935368,-0.27619480067172997,0.5271943420991619,20000,0.9141448989650074,10145,0.06822318749363304,10174,0.8538588543395539
69,001420,15778,robust_rel_scale,0.385975827817992,0.0,15685,0.26478880643844604,5.766680717468262,ok,15778,15685,0.9941057168208899,-0.27619480067172997,0.5271943420991619,20000,0.8905589478628464,10645,0.07101843073934697,9708,0.8295064340697222
70,001425,16207,robust_rel_scale,0.385975827817992,0.0,15829,0.2995685338973999,4.90452241897583,ok,16207,15829,0.9766767446165238,-0.27619480067172997,0.5271943420991619,20000,0.9162803634340813,10786,0.06455792472841865,9561,0.858996172947465
71,001430,16191,robust_rel_scale,0.385975827817992,0.0,15967,0.3056349754333496,5.615205764770508,ok,16191,15967,0.9861651534803286,-0.27619480067172997,0.5271943420991619,20000,0.8970748546511628,11008,0.07122294309479793,9323,0.8354047730050889
72,001435,15937,robust_rel_scale,0.385975827817992,0.0,15694,0.3192475438117981,5.837602615356445,ok,15937,15694,0.9847524628223631,-0.27619480067172997,0.5271943420991619,20000,0.8943515589697244,11065,0.07320493181522261,9324,0.8312195907579576
73,001440,15984,robust_rel_scale,0.385975827817992,0.0,15394,0.33404427766799927,5.310670375823975,ok,15984,15394,0.9630880880880881,-0.27619480067172997,0.5271943420991619,20000,0.9097821047751506,10785,0.07205320694930631,9588,0.8465353141895938
74,001450,15390,robust_rel_scale,0.385975827817992,0.0,15284,0.304939329624176,5.75893497467041,ok,15390,15284,0.9931124106562703,-0.27619480067172997,0.5271943420991619,20000,0.8831146258798992,11507,0.091299287116607,8904,0.8060580152992806
75,001480,14652,robust_rel_scale,0.385975827817992,0.0,14024,0.340652734041214,4.791260719299316,ok,14652,14024,0.9571389571389571,-0.27619480067172997,0.5271943420991619,20000,0.9079765660207301,11095,0.08285648220096355,9332,0.8357772144854863
76,001520,16674,robust_rel_scale,0.385975827817992,0.0,16427,0.16884490847587585,3.5848822593688965,ok,16674,16427,0.9851865179321099,-0.27619480067172997,0.5271943420991619,20000,0.9072444143534191,8862,0.05344398922215402,11510,0.8600305399386134
77,001560,15559,robust_rel_scale,0.385975827817992,0.0,15202,0.2088366597890854,3.8153951168060303,ok,15559,15202,0.9770550806607109,-0.27619480067172997,0.5271943420991619,20000,0.9260556887331736,10846,0.07024213631036848,9561,0.8632395541150529
78,001600,15676,robust_rel_scale,0.385975827817992,0.0,15498,0.2673512101173401,3.973742961883545,ok,15676,15498,0.988645062515948,-0.27619480067172997,0.5271943420991619,20000,0.9116753084212408,11186,0.061849305934860696,9295,0.8569971553501072
79,001640,15506,robust_rel_scale,0.385975827817992,0.0,15504,0.28393927216529846,4.178500175476074,ok,15506,15504,0.9998710176705792,-0.27619480067172997,0.5271943420991619,20000,0.9110213285727708,10643,0.051462160827366404,9832,0.8653241256013237
80,001680,16072,robust_rel_scale,0.385975827817992,0.0,16061,0.26531198620796204,3.590942144393921,ok,16072,16061,0.9993155798904928,-0.27619480067172997,0.5271943420991619,20000,0.9412799218368344,10235,0.06168129384880896,10019,0.8849748922160201
81,001720,16536,robust_rel_scale,0.385975827817992,0.0,16531,0.3083164691925049,4.304388523101807,ok,16536,16531,0.9996976294146106,-0.27619480067172997,0.5271943420991619,20000,0.9078137817883511,9752,0.08367729632998917,10764,0.8349417609908822
82,001725,16718,robust_rel_scale,0.385975827817992,0.0,16710,0.4353920817375183,5.50167989730835,ok,16718,16710,0.9995214738605096,-0.27619480067172997,0.5271943420991619,20000,0.9068472102179967,10413,0.10005456725147263,10108,0.8205045143490132
83,001730,16673,robust_rel_scale,0.385975827817992,0.0,16650,0.39088737964630127,5.409730911254883,ok,16673,16650,0.9986205242008037,-0.27619480067172997,0.5271943420991619,20000,0.8848147061699423,10227,0.10213971837882219,10460,0.7989021983045493
84,001735,16523,robust_rel_scale,0.385975827817992,0.0,16503,0.32292380928993225,5.052130699157715,ok,16523,16503,0.9987895660594323,-0.27619480067172997,0.5271943420991619,20000,0.8938745695502452,9583,0.0938231537169719,10998,0.8138225210296225
85,001740,16849,robust_rel_scale,0.385975827817992,0.0,16809,0.41591987013816833,5.664525985717773,ok,16849,16809,0.9976259718677666,-0.27619480067172997,0.5271943420991619,20000,0.9056622851365015,9890,0.09704694392718248,10754,0.8219006622535378
86,001745,17325,robust_rel_scale,0.385975827817992,0.0,17245,0.43246033787727356,6.214144706726074,ok,17325,17245,0.9953823953823954,-0.27619480067172997,0.5271943420991619,20000,0.8832078628189042,9564,0.09790742028133248,11364,0.8008335781270973
87,001750,17645,robust_rel_scale,0.385975827817992,0.0,17523,0.50577312707901,7.072091579437256,ok,17645,17523,0.9930858600170019,-0.27619480067172997,0.5271943420991619,20000,0.881240467717336,9835,0.09104483434659227,11124,0.8045520822115404
88,001755,17923,robust_rel_scale,0.385975827817992,0.0,17704,0.5391640067100525,7.569894790649414,ok,17923,17704,0.9877810634380405,-0.27619480067172997,0.5271943420991619,20000,0.8766711877543112,10322,0.10549015991974271,10775,0.7889017857590678
89,001760,18035,robust_rel_scale,0.385975827817992,0.0,17873,0.4951264262199402,7.67864990234375,ok,18035,17873,0.9910174660382589,-0.27619480067172997,0.5271943420991619,20000,0.8444837410354652,10179,0.10932134936731829,10963,0.7570309471615486
90,001765,17959,robust_rel_scale,0.385975827817992,0.0,17813,0.5228480696678162,7.89609956741333,ok,17959,17813,0.9918703714015257,-0.27619480067172997,0.5271943420991619,20000,0.851316823899371,10176,0.10067075010180737,10953,0.7697868090826586
91,001770,18170,robust_rel_scale,0.385975827817992,0.0,17996,0.5165509581565857,8.181731224060059,ok,18170,17996,0.9904237754540451,-0.27619480067172997,0.5271943420991619,20000,0.8638077285579642,10610,0.0990266310553326,10576,0.7823667157470285
92,001775,18028,robust_rel_scale,0.385975827817992,0.0,17939,0.5026828050613403,7.978464603424072,ok,18028,17939,0.9950632349678278,-0.27619480067172997,0.5271943420991619,20000,0.8657478797224364,10376,0.0961374634330313,10626,0.7863926880467467
93,001780,18068,robust_rel_scale,0.385975827817992,0.0,18028,0.4437462389469147,7.86009407043457,ok,18068,18028,0.9977861412441886,-0.27619480067172997,0.5271943420991619,20000,0.8517110266159695,10520,0.09242801092549009,10515,0.7765175841543298
94,001785,18162,robust_rel_scale,0.385975827817992,0.0,18150,0.3597713112831116,7.236456394195557,ok,18162,18150,0.9993392798149984,-0.27619480067172997,0.5271943420991619,20000,0.8567765567765567,10920,0.09804603920864947,10049,0.776759763735465
95,001790,18176,robust_rel_scale,0.385975827817992,0.0,18152,0.39371898770332336,8.095080375671387,ok,18176,18152,0.9986795774647887,-0.27619480067172997,0.5271943420991619,20000,0.8524017467248908,11450,0.09460231262804447,9519,0.775459406865276
96,001795,18150,robust_rel_scale,0.385975827817992,0.0,18098,0.43617188930511475,8.548853874206543,ok,18150,18098,0.9971349862258954,-0.27619480067172997,0.5271943420991619,20000,0.8570913353169236,11091,0.08891169242499325,9994,0.7841754598394427
97,001800,18024,robust_rel_scale,0.385975827817992,0.0,17917,0.43429648876190186,8.863783836364746,ok,18024,17917,0.994063470927652,-0.27619480067172997,0.5271943420991619,20000,0.8574018126888218,11585,0.08082239187543329,9403,0.7908309882309685
98,001805,18303,robust_rel_scale,0.385975827817992,0.0,18272,0.3949251174926758,8.333653450012207,ok,18303,18272,0.9983062885865706,-0.27619480067172997,0.5271943420991619,20000,0.8668096054888508,11660,0.08487359273269139,9248,0.7962759195802105
99,001840,18044,robust_rel_scale,0.385975827817992,0.0,18017,0.3112371265888214,9.366302490234375,ok,18044,18017,0.9985036577255597,-0.27619480067172997,0.5271943420991619,20000,0.8341329068941009,11256,0.06767689968732583,9343,0.7795492365376144
100,001880,18170,robust_rel_scale,0.385975827817992,0.0,18146,0.29569464921951294,8.802396774291992,ok,18170,18146,0.9986791414419373,-0.27619480067172997,0.5271943420991619,20000,0.8201024903353412,11123,0.08062161263672382,9322,0.7565795689178914
101,001920,18187,robust_rel_scale,0.385975827817992,0.0,18181,0.3160298764705658,9.234609603881836,ok,18187,18181,0.9996700940232034,-0.27619480067172997,0.5271943420991619,20000,0.7760671798460462,10003,0.0721218417419977,10510,0.7220665048711215
102,001960,18308,robust_rel_scale,0.385975827817992,0.0,17538,0.426628440618515,7.307762622833252,ok,18308,17538,0.957941883329692,-0.27619480067172997,0.5271943420991619,20000,0.8178068410462777,9940,0.06245456790349141,10651,0.7682933337210859
103,002000,18491,robust_rel_scale,0.385975827817992,0.0,18411,0.3070268929004669,9.015905380249023,ok,18491,18411,0.9956735709263966,-0.27619480067172997,0.5271943420991619,20000,0.8200216131250614,10179,0.062333363712813054,10329,0.7704673922882694
104,002040,18541,robust_rel_scale,0.385975827817992,0.0,17974,0.28296536207199097,7.656404495239258,ok,18541,17974,0.969419125182029,-0.27619480067172997,0.5271943420991619,20000,0.8042364532019705,10150,0.053283187111790364,10468,0.7625058151294536
105,002080,18430,robust_rel_scale,0.385975827817992,0.0,18425,0.30956098437309265,8.253067016601562,ok,18430,18425,0.9997287032013022,-0.27619480067172997,0.5271943420991619,20000,0.8270927269162909,10202,0.04567306775460038,10369,0.7901665495283273
106,002120,18615,robust_rel_scale,0.385975827817992,0.0,18615,0.252979576587677,6.820969104766846,ok,18615,18615,1.0,-0.27619480067172997,0.5271943420991619,20000,0.8386502472607389,10313,0.04131820845256223,10201,0.8047048325340843
107,002140,18538,robust_rel_scale,0.385975827817992,0.0,18538,0.28906571865081787,6.0799150466918945,ok,18538,18538,1.0,-0.27619480067172997,0.5271943420991619,20000,0.8534138835062123,8773,0.04892825140526898,11652,0.8126629010267844
108,002145,18582,robust_rel_scale,0.385975827817992,0.0,18582,0.27763500809669495,5.724083423614502,ok,18582,18582,1.0,-0.27619480067172997,0.5271943420991619,20000,0.8579054975011359,8804,0.04631092218346053,11608,0.8190810396469557
109,002150,18671,robust_rel_scale,0.385975827817992,0.0,18670,0.28598806262016296,5.684228420257568,ok,18671,18670,0.9999464410047667,-0.27619480067172997,0.5271943420991619,20000,0.8299386771791503,9132,0.04920739153536181,11284,0.7900880726459569
110,002155,18576,robust_rel_scale,0.385975827817992,0.0,18571,0.281501829624176,5.442394256591797,ok,18576,18571,0.9997308354866494,-0.27619480067172997,0.5271943420991619,20000,0.8322018556234442,8838,0.04530489932772745,11525,0.7953403426444505
111,002160,18458,robust_rel_scale,0.385975827817992,0.0,18458,0.24511070549488068,5.020632743835449,ok,18458,18458,1.0,-0.27619480067172997,0.5271943420991619,20000,0.8525328330206379,7995,0.038841559013767096,12338,0.8200539765963879
112,002165,18824,robust_rel_scale,0.385975827817992,0.0,18824,0.2679305076599121,4.883660793304443,ok,18824,18824,1.0,-0.27619480067172997,0.5271943420991619,20000,0.8412553717932022,7679,0.040503822500240844,12624,0.8078621551682834
113,002170,18697,robust_rel_scale,0.385975827817992,0.0,18653,0.32827845215797424,4.875875949859619,ok,18697,18653,0.9976466812857677,-0.27619480067172997,0.5271943420991619,20000,0.789913585493696,7059,0.048695210700363006,13244,0.7523700896095334
114,002175,18568,robust_rel_scale,0.385975827817992,0.0,18549,0.36736902594566345,4.615218639373779,ok,18568,18549,0.9989767341663076,-0.27619480067172997,0.5271943420991619,20000,0.8192669568880775,7121,0.04845374972884106,13193,0.7805167776080085
115,002180,18957,robust_rel_scale,0.385975827817992,0.0,18911,0.41075411438941956,4.373950004577637,ok,18957,18911,0.9975734557155668,-0.27619480067172997,0.5271943420991619,20000,0.8126078093147248,6377,0.054535300012699066,14056,0.7694787163070125
116,002185,18567,robust_rel_scale,0.385975827817992,0.0,18499,0.45478418469429016,4.166784286499023,ok,18567,18499,0.9963375881941078,-0.27619480067172997,0.5271943420991619,20000,0.8334336442973217,6646,0.055502548690662484,13843,0.7884362389540935
117,002190,18831,robust_rel_scale,0.385975827817992,0.0,18772,0.49476078152656555,3.96728515625,ok,18831,18772,0.9968668684615793,-0.27619480067172997,0.5271943420991619,20000,0.8246061515378845,6665,0.0583016654531134,14022,0.7779048491369657
118,002195,18751,robust_rel_scale,0.385975827817992,0.0,18702,0.5522605776786804,4.159803867340088,ok,18751,18702,0.9973868060370114,-0.27619480067172997,0.5271943420991619,20000,0.8256792166597711,7251,0.06372743968944009,13607,0.7747023575772893
119,002200,18642,robust_rel_scale,0.385975827817992,0.0,18597,0.5468137860298157,4.228010654449463,ok,18642,18597,0.9975860959124557,-0.27619480067172997,0.5271943420991619,20000,0.7672937771345876,6910,0.06871590714888386,14294,0.7163392316076781
120,002205,18611,robust_rel_scale,0.385975827817992,0.0,18611,0.5287347435951233,4.125415802001953,ok,18611,18611,1.0,-0.27619480067172997,0.5271943420991619,20000,0.7802151146334559,7066,0.05993983523679398,13976,0.7348231326580033
121,002210,18691,robust_rel_scale,0.385975827817992,0.0,18488,0.5388426184654236,4.204800128936768,ok,18691,18488,0.9891391578834733,-0.27619480067172997,0.5271943420991619,20000,0.7897458628841607,6768,0.05537885625822562,14328,0.7471995950045328
122,002215,18811,robust_rel_scale,0.385975827817992,0.0,18620,0.5354685187339783,4.309921741485596,ok,18811,18620,0.9898463664876934,-0.27619480067172997,0.5271943420991619,20000,0.7944620471139275,7259,0.05642169706668211,13853,0.7508782475982404
123,002220,18895,robust_rel_scale,0.385975827817992,0.0,18254,0.5132677555084229,4.183444976806641,ok,18895,18254,0.966075681397195,-0.27619480067172997,0.5271943420991619,20000,0.796896840928152,7154,0.052363551202374244,13906,0.7562421922485986
124,002225,18714,robust_rel_scale,0.385975827817992,0.0,18357,0.485013484954834,4.302606105804443,ok,18714,18357,0.9809233728759218,-0.27619480067172997,0.5271943420991619,20000,0.8101589867960118,7422,0.05691947289178526,13539,0.7653330017435775
125,002240,18383,robust_rel_scale,0.385975827817992,0.0,17203,0.5338000655174255,4.751974582672119,ok,18383,17203,0.9358102594788663,-0.27619480067172997,0.5271943420991619,20000,0.743606998654105,8916,0.06923775106654007,12263,0.6938632649934042
126,002280,18186,robust_rel_scale,0.385975827817992,0.0,13967,0.700579822063446,4.81112003326416,ok,18186,13967,0.7680083580776421,-0.27619480067172997,0.5271943420991619,20000,0.8802582257392753,9604,0.06406151241300741,10645,0.8256358282073883
127,002320,18405,robust_rel_scale,0.385975827817992,0.0,16445,0.5789654850959778,7.699479579925537,ok,18405,16445,0.893507199130671,-0.27619480067172997,0.5271943420991619,20000,0.8395835797941559,8453,0.05280590983660981,11848,0.7963988440672863
128,002360,18289,robust_rel_scale,0.385975827817992,0.0,16942,0.4699980616569519,8.245899200439453,ok,18289,16942,0.9263491716332222,-0.27619480067172997,0.5271943420991619,20000,0.8386042712101762,8569,0.05169962415693753,11732,0.7963504110216288
129,002400,18355,robust_rel_scale,0.385975827817992,0.0,17103,0.4577943682670593,8.101921081542969,ok,18355,17103,0.9317897030781803,-0.27619480067172997,0.5271943420991619,20000,0.7571034648123726,8341,0.054493206169315786,12048,0.7169504389131622
130,002440,18645,robust_rel_scale,0.385975827817992,0.0,17653,0.4820830821990967,6.464395046234131,ok,18645,17653,0.9467953875033521,-0.27619480067172997,0.5271943420991619,20000,0.7724097788125728,8590,0.06517687792260698,11815,0.7236720591883239
131,002480,18462,robust_rel_scale,0.385975827817992,0.0,17837,0.3878665864467621,5.2884368896484375,ok,18462,17837,0.9661466796663417,-0.27619480067172997,0.5271943420991619,20000,0.8268845545598313,9485,0.06928937078140887,10909,0.7715301255346371
132,002520,18211,robust_rel_scale,0.385975827817992,0.0,17412,0.188629150390625,4.263892650604248,ok,18211,17412,0.9561254187029817,-0.27619480067172997,0.5271943420991619,20000,0.8201494177103933,9102,0.04354084376065054,11432,0.7852056803268584
133,002560,18407,robust_rel_scale,0.385975827817992,0.0,17244,0.20140309631824493,4.187832832336426,ok,18407,17244,0.9368175150757864,-0.27619480067172997,0.5271943420991619,20000,0.770648670427075,9928,0.05910179418160945,10589,0.7264217689803067
134,002600,18448,robust_rel_scale,0.385975827817992,0.0,16655,0.22820007801055908,4.401004791259766,ok,18448,16655,0.9028078924544666,-0.27619480067172997,0.5271943420991619,20000,0.7396190476190476,10500,0.06709998277972658,10374,0.6916190307003894
135,002640,18443,robust_rel_scale,0.385975827817992,0.0,16931,0.2864798307418823,5.074345111846924,ok,18443,16931,0.9180176760830667,-0.27619480067172997,0.5271943420991619,20000,0.8148181409968568,11135,0.08889408347176944,9844,0.7455117273915151
136,002680,18368,robust_rel_scale,0.385975827817992,0.0,17128,0.3668714761734009,4.641295909881592,ok,18368,17128,0.9324912891986062,-0.27619480067172997,0.5271943420991619,20000,0.7319194249711598,11269,0.07462782678167462,9617,0.6792862441428607
137,002720,18222,robust_rel_scale,0.385975827817992,0.0,17090,0.384647011756897,4.389695644378662,ok,18222,17090,0.9378772911864779,-0.27619480067172997,0.5271943420991619,20000,0.7721192988286117,12037,0.07906964948246636,8887,0.7134193675319969
138,002760,18381,robust_rel_scale,0.385975827817992,0.0,16645,0.35655736923217773,4.35850191116333,ok,18381,16645,0.9055546488221533,-0.27619480067172997,0.5271943420991619,20000,0.7712536644249008,11598,0.0865328690889076,9218,0.7073209033987958
139,002800,18230,robust_rel_scale,0.385975827817992,0.0,16693,0.3859126567840576,4.164699554443359,ok,18230,16693,0.9156884256719693,-0.27619480067172997,0.5271943420991619,20000,0.7811928891842499,12038,0.08903615684425664,8906,0.7146450170023303
140,002840,18354,robust_rel_scale,0.385975827817992,0.0,18247,0.2428293228149414,3.661574363708496,ok,18354,18247,0.9941702081290182,-0.27619480067172997,0.5271943420991619,20000,0.749936402950903,11793,0.10077438503583103,9147,0.6780452470893824
141,002865,18335,robust_rel_scale,0.385975827817992,0.0,18209,0.21488085389137268,3.4109809398651123,ok,18335,18209,0.9931278974638669,-0.27619480067172997,0.5271943420991619,20000,0.7480255735238811,10636,0.10045000851685468,10182,0.6765370126423179
142,002870,18335,robust_rel_scale,0.385975827817992,0.0,18161,0.2210480272769928,3.482578754425049,ok,18335,18161,0.9905099536405781,-0.27619480067172997,0.5271943420991619,20000,0.7469813890149796,11015,0.09786708944887895,9973,0.6773398771089632
143,002875,18252,robust_rel_scale,0.385975827817992,0.0,18043,0.22776269912719727,3.580448627471924,ok,18252,18043,0.9885492000876617,-0.27619480067172997,0.5271943420991619,20000,0.7293331017714484,11516,0.10744161561896874,9386,0.6550351784542081
144,002880,18313,robust_rel_scale,0.385975827817992,0.0,18086,0.2448824942111969,3.5931484699249268,ok,18313,18086,0.9876044340086277,-0.27619480067172997,0.5271943420991619,20000,0.7210412147505423,11525,0.10365767871872654,9305,0.6500430687097357
145,002885,18390,robust_rel_scale,0.385975827817992,0.0,18144,0.23699206113815308,3.623502492904663,ok,18390,18144,0.9866231647634583,-0.27619480067172997,0.5271943420991619,20000,0.719366165481228,11107,0.10228923236255855,9844,0.6494210451506935
146,002890,18365,robust_rel_scale,0.385975827817992,0.0,17971,0.2613227963447571,3.7906198501586914,ok,18365,17971,0.9785461475632997,-0.27619480067172997,0.5271943420991619,20000,0.6916961894063769,11573,0.10551011295324217,9379,0.6224334491399959
147,002895,18416,robust_rel_scale,0.385975827817992,0.0,18173,0.24971990287303925,3.6928422451019287,ok,18416,18173,0.9868049522154648,-0.27619480067172997,0.5271943420991619,20000,0.686456566378002,11201,0.11352563772160323,9758,0.6127869467971196
148,002900,18324,robust_rel_scale,0.385975827817992,0.0,18047,0.24661865830421448,3.4430017471313477,ok,18324,18047,0.9848832132722113,-0.27619480067172997,0.5271943420991619,20000,0.7242948946804713,11204,0.10477447149273099,9710,0.6522475390923047
149,002905,18421,robust_rel_scale,0.385975827817992,0.0,18094,0.2607440650463104,3.475837469100952,ok,18421,18094,0.9822485207100592,-0.27619480067172997,0.5271943420991619,20000,0.7264697764283743,10869,0.11426285454063029,10056,0.6480280782146122
150,002910,18581,robust_rel_scale,0.385975827817992,0.0,18197,0.26121804118156433,3.43881893157959,ok,18581,18197,0.9793337280017221,-0.27619480067172997,0.5271943420991619,20000,0.7139746260177997,10562,0.10580021220588758,10270,0.6422946865620025
151,002915,18478,robust_rel_scale,0.385975827817992,0.0,18097,0.27354004979133606,3.615886688232422,ok,18478,18097,0.9793808853772054,-0.27619480067172997,0.5271943420991619,20000,0.7005952961842491,10247,0.10506029365317465,10598,0.6307250956966307
152,002920,18443,robust_rel_scale,0.385975827817992,0.0,18130,0.2765269875526428,3.699620246887207,ok,18443,18130,0.9830287914113756,-0.27619480067172997,0.5271943420991619,20000,0.7111228720119961,11337,0.11225792622280543,9559,0.6356113581185766
153,002925,18457,robust_rel_scale,0.385975827817992,0.0,17904,0.28335458040237427,3.783163547515869,ok,18457,17904,0.9700384677899984,-0.27619480067172997,0.5271943420991619,20000,0.7086937137761926,11215,0.12170614917702632,9734,0.6274834439550604
154,002930,18262,robust_rel_scale,0.385975827817992,0.0,17730,0.2893921732902527,4.013308048248291,ok,18262,17730,0.9708684700470923,-0.27619480067172997,0.5271943420991619,20000,0.7177839527613755,11516,0.10973949984796127,9452,0.6431828940719988
155,002935,18361,robust_rel_scale,0.385975827817992,0.0,17858,0.27301761507987976,3.977302074432373,ok,18361,17858,0.9726049779423779,-0.27619480067172997,0.5271943420991619,20000,0.7545603873087231,11567,0.11477417368977147,9610,0.6727414883554913
156,002940,18148,robust_rel_scale,0.385975827817992,0.0,17603,0.28236132860183716,3.811687707901001,ok,18148,17603,0.9699691426052458,-0.27619480067172997,0.5271943420991619,20000,0.766731864954503,11759,0.10486411985848515,9463,0.6904013057206698
157,002945,18054,robust_rel_scale,0.385975827817992,0.0,17446,0.2981206178665161,3.7834322452545166,ok,18054,17446,0.9663232524648278,-0.27619480067172997,0.5271943420991619,20000,0.7544440571627745,11476,0.11211326432464279,9679,0.6744299837287945
158,002950,18214,robust_rel_scale,0.385975827817992,0.0,17685,0.3009319305419922,3.7577035427093506,ok,18214,17685,0.970956407159328,-0.27619480067172997,0.5271943420991619,20000,0.7664851784633999,11571,0.1013179704124331,9511,0.6926310008474769
159,002960,18328,robust_rel_scale,0.385975827817992,0.0,17741,0.3255986273288727,3.663137197494507,ok,18328,17741,0.9679725010912266,-0.27619480067172997,0.5271943420991619,20000,0.7306276222279304,11679,0.11573660159793941,9285,0.6507771861485853
160,003000,18273,robust_rel_scale,0.385975827817992,0.0,17243,0.4136558771133423,3.846237897872925,ok,18273,17243,0.9436326820992722,-0.27619480067172997,0.5271943420991619,20000,0.7632543585158694,11185,0.11755802249225107,9843,0.6786009956601804
161,003040,18320,robust_rel_scale,0.385975827817992,0.0,16444,0.5059196949005127,3.855562925338745,ok,18320,16444,0.8975982532751092,-0.27619480067172997,0.5271943420991619,20000,0.7719946617390412,9741,0.10374395231684726,11208,0.6959192843433352
162,003080,18391,robust_rel_scale,0.385975827817992,0.0,16953,0.4893367290496826,3.421933174133301,ok,18391,16953,0.9218095807732043,-0.27619480067172997,0.5271943420991619,20000,0.8043956043956044,9100,0.11138540438015211,11707,0.7196074025460208
163,003120,18293,robust_rel_scale,0.385975827817992,0.0,17571,0.421540766954422,2.954395055770874,ok,18293,17571,0.9605313507899197,-0.27619480067172997,0.5271943420991619,20000,0.8227105498657651,10057,0.08868956425244708,10843,0.7528867915774353
164,003160,18398,robust_rel_scale,0.385975827817992,0.0,18202,0.38998281955718994,2.5752384662628174,ok,18398,18202,0.9893466681160996,-0.27619480067172997,0.5271943420991619,20000,0.8504848884285848,10621,0.08361475507241611,10172,0.7822636943362387
165,003200,18484,robust_rel_scale,0.385975827817992,0.0,18464,0.2482822835445404,2.4066128730773926,ok,18484,18464,0.9989179831205367,-0.27619480067172997,0.5271943420991619,20000,0.871386377875235,11173,0.05294501642401041,9446,0.8264508639008593
166,003240,18505,robust_rel_scale,0.385975827817992,0.0,18505,0.16646172106266022,2.3865506649017334,ok,18505,18505,1.0,-0.27619480067172997,0.5271943420991619,20000,0.854833790789875,9837,0.04597531018553114,10742,0.816422297969116
167,003280,18043,robust_rel_scale,0.385975827817992,0.0,18028,0.1700427085161209,2.423609733581543,ok,18043,18028,0.9991686526630826,-0.27619480067172997,0.5271943420991619,20000,0.866231811339689,9965,0.04468284337100522,10553,0.8283781142765443
168,003320,18308,robust_rel_scale,0.385975827817992,0.0,18282,0.19757550954818726,2.503713607788086,ok,18308,18282,0.9985798558007428,-0.27619480067172997,0.5271943420991619,20000,0.8634798859053802,10167,0.04647552746445444,10197,0.8242674695183972
169,003360,18237,robust_rel_scale,0.385975827817992,0.0,18231,0.2413594275712967,2.7844512462615967,ok,18237,18231,0.9996709985194934,-0.27619480067172997,0.5271943420991619,20000,0.8602742684375337,9261,0.047765269229030294,11119,0.8201489630068578
170,003400,18122,robust_rel_scale,0.385975827817992,0.0,18122,0.22896839678287506,2.5739848613739014,ok,18122,18122,1.0,-0.27619480067172997,0.5271943420991619,20000,0.8672274639081505,8797,0.048393711769084996,11645,0.8262584252189478
171,003440,18357,robust_rel_scale,0.385975827817992,0.0,18357,0.2575724124908447,2.599396228790283,ok,18357,18357,1.0,-0.27619480067172997,0.5271943420991619,20000,0.854721274175199,8790,0.045555768569693914,11590,0.8166573871252905
172,003460,17832,robust_rel_scale,0.385975827817992,0.0,17832,0.2710653841495514,2.878147840499878,ok,17832,17832,1.0,-0.27619480067172997,0.5271943420991619,20000,0.8556421552016266,8853,0.04410258768454233,11641,0.8187261510724708
173,003465,18023,robust_rel_scale,0.385975827817992,0.0,18020,0.2517576217651367,2.676330804824829,ok,18023,18020,0.9998335460245242,-0.27619480067172997,0.5271943420991619,20000,0.8731503324040317,9326,0.04497478852472247,11259,0.8347505640679082
174,003470,17859,robust_rel_scale,0.385975827817992,0.0,17859,0.21800971031188965,2.1652965545654297,ok,17859,17859,1.0,-0.27619480067172997,0.5271943420991619,20000,0.9057609057609057,9009,0.0414016891774243,11553,0.8690265534358823
175,003475,18130,robust_rel_scale,0.385975827817992,0.0,18130,0.18887874484062195,2.0395116806030273,ok,18130,18130,1.0,-0.27619480067172997,0.5271943420991619,20000,0.9294284467713787,9168,0.036294231395804316,11323,0.8963003711547267
176,003480,18151,robust_rel_scale,0.385975827817992,0.0,18151,0.22386224567890167,2.3046770095825195,ok,18151,18151,1.0,-0.27619480067172997,0.5271943420991619,20000,0.9102902374670184,9096,0.038491805507053736,11413,0.8759173046746684
177,003485,18002,robust_rel_scale,0.385975827817992,0.0,17996,0.24937450885772705,2.510739326477051,ok,18002,17996,0.999666703699589,-0.27619480067172997,0.5271943420991619,20000,0.8980794155767645,8487,0.03864514416881021,12103,0.8640350682886793
178,003490,18138,robust_rel_scale,0.385975827817992,0.0,18138,0.1944192796945572,2.0002081394195557,ok,18138,18138,1.0,-0.27619480067172997,0.5271943420991619,20000,0.9336329070169375,8679,0.04199137635582381,11791,0.8952401008853758
179,003495,17959,robust_rel_scale,0.385975827817992,0.0,17959,0.20697681605815887,2.218465566635132,ok,17959,17959,1.0,-0.27619480067172997,0.5271943420991619,20000,0.9239829993928355,8235,0.032908936628765637,12264,0.8940705936927361
180,003500,17903,robust_rel_scale,0.385975827817992,0.0,17902,0.194181889295578,2.0333330631256104,ok,17903,17902,0.999944143439647,-0.27619480067172997,0.5271943420991619,20000,0.9148452305748579,7915,0.03248136748337326,12566,0.8856072222551259
181,003505,17874,robust_rel_scale,0.385975827817992,0.0,17871,0.19181525707244873,2.0163729190826416,ok,17874,17871,0.9998321584424303,-0.27619480067172997,0.5271943420991619,20000,0.9240103675777568,8488,0.03494846897141648,11916,0.8922753942954
182,003510,18077,robust_rel_scale,0.385975827817992,0.0,18077,0.14826366305351257,1.424665927886963,ok,18077,18077,1.0,-0.27619480067172997,0.5271943420991619,20000,0.9404154302670623,8425,0.03035783535888291,12022,0.9122954440002338
183,003515,17989,robust_rel_scale,0.385975827817992,0.0,17984,0.21337288618087769,1.9055625200271606,ok,17989,17984,0.9997220523653344,-0.27619480067172997,0.5271943420991619,20000,0.9387630128597673,8165,0.029013463377767952,12292,0.911917569350875
184,003520,18090,robust_rel_scale,0.385975827817992,0.0,18087,0.26411259174346924,2.3118855953216553,ok,18090,18087,0.9998341625207297,-0.27619480067172997,0.5271943420991619,20000,0.9172070402964335,8636,0.03306621659090148,11811,0.8873744177590831
185,003525,17823,robust_rel_scale,0.385975827817992,0.0,17823,0.2499416470527649,2.212871789932251,ok,17823,17823,1.0,-0.27619480067172997,0.5271943420991619,20000,0.9240490797546013,8150,0.02897138393308209,12345,0.8976621772422332
186,003530,17942,robust_rel_scale,0.385975827817992,0.0,17939,0.2429245412349701,2.150684356689453,ok,17942,17939,0.9998327945602496,-0.27619480067172997,0.5271943420991619,20000,0.9322923332906694,7813,0.025700561692354296,12707,0.908637174144366
187,003535,18049,robust_rel_scale,0.385975827817992,0.0,18049,0.24477048218250275,2.1865642070770264,ok,18049,18049,1.0,-0.27619480067172997,0.5271943420991619,20000,0.9467595325227246,8471,0.02758132941942971,11979,0.9210034719337775
188,003540,18004,robust_rel_scale,0.385975827817992,0.0,18004,0.22735203802585602,2.0848543643951416,ok,18004,18004,1.0,-0.27619480067172997,0.5271943420991619,20000,0.9579545454545455,8800,0.02853548762033512,11571,0.9310051806703631
189,003545,17947,robust_rel_scale,0.385975827817992,0.0,17947,0.21751584112644196,1.9398800134658813,ok,17947,17947,1.0,-0.27619480067172997,0.5271943420991619,20000,0.9537094958088327,7993,0.027265794453833835,12418,0.9280571536647614
190,003560,17874,robust_rel_scale,0.385975827817992,0.0,17874,0.22669203579425812,1.8875564336776733,ok,17874,17874,1.0,-0.27619480067172997,0.5271943420991619,20000,0.9202033036848792,7870,0.029897195466487184,12496,0.8930989959239112
191,003600,17795,robust_rel_scale,0.385975827817992,0.0,17795,0.2799074649810791,1.8227992057800293,ok,17795,17795,1.0,-0.27619480067172997,0.5271943420991619,20000,0.9400573364607766,7674,0.02552256386821221,12588,0.9163682520471431
192,003640,17917,robust_rel_scale,0.385975827817992,0.0,17917,0.20884394645690918,1.3685389757156372,ok,17917,17917,1.0,-0.27619480067172997,0.5271943420991619,20000,0.9515725020873922,7186,0.02525848200311234,13036,0.9278382328159788
193,003680,17761,robust_rel_scale,0.385975827817992,0.0,17761,0.2105650156736374,1.2092359066009521,ok,17761,17761,1.0,-0.27619480067172997,0.5271943420991619,20000,0.9613705072220357,5954,0.02019497752871511,14150,0.9421503796729053
194,003720,17020,robust_rel_scale,0.385975827817992,0.0,17006,0.2629634439945221,1.2473745346069336,ok,17020,17006,0.9991774383078731,-0.27619480067172997,0.5271943420991619,20000,0.954848542579539,5249,0.019356716017703595,14790,0.936543544370167
195,003760,16345,robust_rel_scale,0.385975827817992,0.0,16342,0.15920798480510712,0.8914846777915955,ok,16345,16342,0.9998164576323034,-0.27619480067172997,0.5271943420991619,20000,0.9251020695480783,7103,0.0324087771221499,13039,0.8956012673066415
196,003775,15367,robust_rel_scale,0.385975827817992,0.0,15334,0.20802544057369232,0.9889436960220337,ok,15367,15334,0.9978525411596277,-0.27619480067172997,0.5271943420991619,20000,0.915875351076635,7477,0.040350624186555085,12726,0.8796548825391906
197,003780,15698,robust_rel_scale,0.385975827817992,0.0,15611,0.19372975826263428,1.0149621963500977,ok,15698,15611,0.9944578927251879,-0.27619480067172997,0.5271943420991619,20000,0.8964489372731985,7716,0.0372615763067588,12582,0.8636605047347432
198,003785,15450,robust_rel_scale,0.385975827817992,0.0,15326,0.21055133640766144,1.0882952213287354,ok,15450,15326,0.9919741100323625,-0.27619480067172997,0.5271943420991619,20000,0.9022902663679363,8034,0.03591398583818971,12279,0.8704604160592772
199,003790,15400,robust_rel_scale,0.385975827817992,0.0,15313,0.24950148165225983,1.2643237113952637,ok,15400,15313,0.9943506493506493,-0.27619480067172997,0.5271943420991619,20000,0.8952431150349189,7589,0.0360685675596439,12747,0.8635283691630826
200,003795,15648,robust_rel_scale,0.385975827817992,0.0,15648,0.22009652853012085,1.157729148864746,ok,15648,15648,1.0,-0.27619480067172997,0.5271943420991619,20000,0.9123113384058875,8017,0.031787585628341185,12384,0.8837672410784728
201,003800,15709,robust_rel_scale,0.385975827817992,0.0,15585,0.20342618227005005,1.184733510017395,ok,15709,15585,0.9921064358011331,-0.27619480067172997,0.5271943420991619,20000,0.9016029016029016,8547,0.032574742652313866,11954,0.8727066187395455
202,003805,15483,robust_rel_scale,0.385975827817992,0.0,15474,0.23431797325611115,1.4664983749389648,ok,15483,15474,0.9994187173028483,-0.27619480067172997,0.5271943420991619,20000,0.8942622950819672,8540,0.034968578596367865,12015,0.8635316486362707
203,003810,15637,robust_rel_scale,0.385975827817992,0.0,15637,0.20626290142536163,1.4099284410476685,ok,15637,15637,1.0,-0.27619480067172997,0.5271943420991619,20000,0.8874729775856184,8789,0.03329144625178999,11947,0.8584141083722266
204,003815,15965,robust_rel_scale,0.385975827817992,0.0,15965,0.12258130311965942,1.3235210180282593,ok,15965,15965,1.0,-0.27619480067172997,0.5271943420991619,20000,0.8858792650918635,9525,0.033435063965103824,11255,0.8567495261759978
205,003820,16491,robust_rel_scale,0.385975827817992,0.0,16491,0.11744368821382523,1.2807725667953491,ok,16491,16491,1.0,-0.27619480067172997,0.5271943420991619,20000,0.8852685624012638,10128,0.03621921617394326,10637,0.8537785432645132
206,003825,16486,robust_rel_scale,0.385975827817992,0.0,16464,0.12982489168643951,1.714618444442749,ok,16486,16464,0.9986655343928181,-0.27619480067172997,0.5271943420991619,20000,0.8932093023255814,10750,0.03783734655476572,9988,0.8600440320219913
207,003830,16831,robust_rel_scale,0.385975827817992,0.0,16767,0.12349586933851242,1.9204304218292236,ok,16831,16767,0.9961974927217634,-0.27619480067172997,0.5271943420991619,20000,0.8911279037223622,10719,0.03850964758527585,10020,0.8574632494502639
208,003835,16802,robust_rel_scale,0.385975827817992,0.0,16722,0.13720794022083282,2.33547306060791,ok,16802,16722,0.99523866206404,-0.27619480067172997,0.5271943420991619,20000,0.8834377481690638,11333,0.0501519265390136,9405,0.8402243187029471
209,003840,16769,robust_rel_scale,0.385975827817992,0.0,16769,0.13231302797794342,2.013711929321289,ok,16769,16769,1.0,-0.27619480067172997,0.5271943420991619,20000,0.8760959026659509,11178,0.04393507246663449,9527,0.8384378771181297
210,003845,16473,robust_rel_scale,0.385975827817992,0.0,16473,0.11694014817476273,1.6483261585235596,ok,16473,16473,1.0,-0.27619480067172997,0.5271943420991619,20000,0.8718114006814623,10859,0.04084929189585943,9865,0.8369160987292921
211,003850,16878,robust_rel_scale,0.385975827817992,0.0,16878,0.1113559752702713,1.5954394340515137,ok,16878,16878,1.0,-0.27619480067172997,0.5271943420991619,20000,0.8537670280789547,10791,0.040785765403739314,9926,0.8196460414698284
212,003855,16952,robust_rel_scale,0.385975827817992,0.0,16952,0.11921121925115585,1.6044260263442993,ok,16952,16952,1.0,-0.27619480067172997,0.5271943420991619,20000,0.8756613756613757,10962,0.040255498555184406,9694,0.8411112718383361
213,003860,16871,robust_rel_scale,0.385975827817992,0.0,16871,0.11067834496498108,1.5607008934020996,ok,16871,16871,1.0,-0.27619480067172997,0.5271943420991619,20000,0.8763749634965443,10273,0.04074423883646805,10280,0.841385384909195
214,003880,16862,robust_rel_scale,0.385975827817992,0.0,16862,0.11330226063728333,1.6135518550872803,ok,16862,16862,1.0,-0.27619480067172997,0.5271943420991619,20000,0.8738702550712995,9958,0.03766058486811348,10572,0.841571796949328
215,003920,17229,robust_rel_scale,0.385975827817992,0.0,17229,0.1445605754852295,1.8011350631713867,ok,17229,17229,1.0,-0.27619480067172997,0.5271943420991619,20000,0.8651113467656416,9430,0.05045137475905765,11108,0.8225480072990767
216,003960,18223,robust_rel_scale,0.385975827817992,0.0,18223,0.19363172352313995,1.668637752532959,ok,18223,18223,1.0,-0.27619480067172997,0.5271943420991619,20000,0.8171013883045856,9508,0.050940716367045516,11031,0.7765200545336447
217,004000,18378,robust_rel_scale,0.385975827817992,0.0,18378,0.2156277298927307,1.8905279636383057,ok,18378,18378,1.0,-0.27619480067172997,0.5271943420991619,20000,0.8192004074357015,11781,0.05471785075021364,9162,0.7755798172305622
218,004040,18319,robust_rel_scale,0.385975827817992,0.0,18319,0.18566162884235382,1.8672981262207031,ok,18319,18319,1.0,-0.27619480067172997,0.5271943420991619,20000,0.7814980158730159,12096,0.048487316096904404,8867,0.7445092636978424
219,004080,18232,robust_rel_scale,0.385975827817992,0.0,18232,0.17564323544502258,1.5957404375076294,ok,18232,18232,1.0,-0.27619480067172997,0.5271943420991619,20000,0.8230014957620077,12034,0.05273576943850497,8611,0.780724432827155
220,004115,18410,robust_rel_scale,0.385975827817992,0.0,18410,0.16219773888587952,1.6532092094421387,ok,18410,18410,1.0,-0.27619480067172997,0.5271943420991619,20000,0.7917382413087934,12225,0.049439600674777186,8340,0.753546880496104
221,004120,18376,robust_rel_scale,0.385975827817992,0.0,18376,0.17248602211475372,1.659019112586975,ok,18376,18376,1.0,-0.27619480067172997,0.5271943420991619,20000,0.8210635579687001,12524,0.054123339028479954,8149,0.7778060365408176
222,004125,18424,robust_rel_scale,0.385975827817992,0.0,18424,0.18053856492042542,1.7318017482757568,ok,18424,18424,1.0,-0.27619480067172997,0.5271943420991619,20000,0.7953337761541016,12044,0.057601137393856576,8535,0.7508160888082014
223,004130,18353,robust_rel_scale,0.385975827817992,0.0,18353,0.1767035871744156,1.7529274225234985,ok,18353,18353,1.0,-0.27619480067172997,0.5271943420991619,20000,0.7626741406314401,12131,0.057753187218307446,8454,0.7198750651612188
224,004135,18449,robust_rel_scale,0.385975827817992,0.0,18449,0.16723567247390747,1.6739401817321777,ok,18449,18449,1.0,-0.27619480067172997,0.5271943420991619,20000,0.7627567394094994,12464,0.05053894362166675,8173,0.7251657254853144
225,004140,18324,robust_rel_scale,0.385975827817992,0.0,18324,0.17736971378326416,1.7031457424163818,ok,18324,18324,1.0,-0.27619480067172997,0.5271943420991619,20000,0.783379411286388,12298,0.05600492502117156,8300,0.7407122435895935
226,004145,18372,robust_rel_scale,0.385975827817992,0.0,18372,0.2593846023082733,2.076341152191162,ok,18372,18372,1.0,-0.27619480067172997,0.5271943420991619,20000,0.7709825997952917,11724,0.05122426738366378,8836,0.7324840292384572
227,004150,18305,robust_rel_scale,0.385975827817992,0.0,18305,0.3328390121459961,2.266911745071411,ok,18305,18305,1.0,-0.27619480067172997,0.5271943420991619,20000,0.8031173092698933,12190,0.05092177514711473,8400,0.7632449513234711
228,004155,18319,robust_rel_scale,0.385975827817992,0.0,18319,0.3446681797504425,2.3799808025360107,ok,18319,18319,1.0,-0.27619480067172997,0.5271943420991619,20000,0.7808463630183549,11768,0.05147136279449052,8974,0.7416719647629019
229,004160,18284,robust_rel_scale,0.385975827817992,0.0,18271,0.45591646432876587,3.033190965652466,ok,18284,18271,0.9992889958433603,-0.27619480067172997,0.5271943420991619,20000,0.7670508709593552,11539,0.04722088299016432,9241,0.7316719375574584
230,004165,18525,robust_rel_scale,0.385975827817992,0.0,18513,0.45112359523773193,3.092334508895874,ok,18525,18513,0.9993522267206477,-0.27619480067172997,0.5271943420991619,20000,0.7555610889774237,12048,0.053341681075536426,8698,0.716314242156707
231,004170,18550,robust_rel_scale,0.385975827817992,0.0,18550,0.32782840728759766,2.8279318809509277,ok,18550,18550,1.0,-0.27619480067172997,0.5271943420991619,20000,0.760933434063628,11913,0.053360887600262565,8747,0.7213936706820475
232,004175,18386,robust_rel_scale,0.385975827817992,0.0,18371,0.40866729617118835,3.200507640838623,ok,18386,18371,0.9991841618622865,-0.27619480067172997,0.5271943420991619,20000,0.78360768175583,11664,0.061643305731419865,8974,0.736762202031263
233,004180,18568,robust_rel_scale,0.385975827817992,0.0,18555,0.4860944449901581,3.444709062576294,ok,18568,18555,0.9992998707453684,-0.27619480067172997,0.5271943420991619,20000,0.779895148539569,12017,0.06430949240127216,8648,0.7313191756835808
234,004185,18466,robust_rel_scale,0.385975827817992,0.0,18448,0.4798341393470764,3.4418208599090576,ok,18466,18448,0.9990252355680711,-0.27619480067172997,0.5271943420991619,20000,0.755561348627042,11508,0.061698636619194495,9302,0.7103532236905503
235,004190,18190,robust_rel_scale,0.385975827817992,0.0,18166,0.5181478261947632,3.519379138946533,ok,18190,18166,0.9986805937328203,-0.27619480067172997,0.5271943420991619,20000,0.7520557740436181,11188,0.05822833364775943,9648,0.7095153669167867
236,004195,18462,robust_rel_scale,0.385975827817992,0.0,18434,0.5120572447776794,3.69644832611084,ok,18462,18434,0.9984833712490521,-0.27619480067172997,0.5271943420991619,20000,0.7512254901960784,11424,0.06375205688146318,9435,0.7048280011683477
237,004200,18270,robust_rel_scale,0.385975827817992,0.0,18250,0.5284848809242249,3.976151704788208,ok,18270,18250,0.9989053092501369,-0.27619480067172997,0.5271943420991619,20000,0.7791298257900726,11423,0.06686495576803683,9298,0.7287368793647437
238,004240,18341,robust_rel_scale,0.385975827817992,0.0,8487,0.6936994791030884,10.642147064208984,ok,18341,8487,0.46273376587972304,-0.27619480067172997,0.5271943420991619,20000,0.5818198495688864,10902,0.09565961647844087,11303,0.5287423417212957
239,004279,18032,robust_rel_scale,0.385975827817992,0.0,12494,0.6642239689826965,11.118484497070312,ok,18032,12494,0.6928793256433008,-0.27619480067172997,0.5271943420991619,20000,0.6412774158025144,10897,0.08937922843665415,11668,0.5864473655874993
